iteration,resolution,TP,FP,FN,TN,accuracy,error_rate,precision,recall,background_windows,anomalous_windows
0,high,1470,0,0,154,1.00000,0.00000,1.00000,1.00000,1470,154
0,med,1482,0,0,166,1.00000,0.00000,1.00000,1.00000,1482,166
0,low,1488,0,0,172,1.00000,0.00000,1.00000,1.00000,1488,172
1,high,1739,0,0,153,1.00000,0.00000,1.00000,1.00000,1739,153
1,med,6020,0,0,180,1.00000,0.00000,1.00000,1.00000,6020,180
1,low,8167,0,0,461,1.00000,0.00000,1.00000,1.00000,8167,461
2,high,1957,0,0,153,1.00000,0.00000,1.00000,1.00000,1957,153
2,med,9742,0,0,164,1.00000,0.00000,1.00000,1.00000,9742,164
2,low,13634,2,0,170,0.99986,0.00014,0.99985,1.00000,13636,170
