iteration,resolution,TP,FP,FN,TN,accuracy,error_rate,precision,recall,background_windows,anomalous_windows
0,high,1470,0,0,154,1.00000,0.00000,1.00000,1.00000,1470,154
0,med,1482,0,0,166,1.00000,0.00000,1.00000,1.00000,1482,166
0,low,1488,0,0,172,1.00000,0.00000,1.00000,1.00000,1488,172
1,high,4483,0,0,176,1.00000,0.00000,1.00000,1.00000,4483,176
1,med,52895,0,0,176,1.00000,0.00000,1.00000,1.00000,52895,176
1,low,77073,1,0,461,0.99999,0.00001,0.99999,1.00000,77074,461
2,high,6415,0,0,180,1.00000,0.00000,1.00000,1.00000,6415,180
2,med,85768,0,0,391,1.00000,0.00000,1.00000,1.00000,85768,391
2,low,125437,2,0,502,0.99998,0.00002,0.99998,1.00000,125439,502
